14-PC WISE DISTRIBUTION OF VOTES POLLED,,,,,,,,,,,,,,,,,
State/UT,Sl. No.,PC No.,PC NAME,ELECTORS,,Valid Votes Polled,,NOTA,,,Rejected/Not Retrived Votes,,Total Voters,Tendered Votes,Test Votes,Voter Turn Out(%),% Votes to NOTA Out of Total Votes Polled
,,,,General,Service,EVM,Postal,EVM,Postal,Total,EVM,Postal,,,,,
Andhra Pradesh,1,1,Araku (ST),1554633,2520,1092808,21167,50205,265,50470,0,1342,1165787,2,0,74.87,4.33
Andhra Pradesh,2,2,Srikakulam,1631174,15512,1184414,26667,24498,107,24605,5216,267,1241169,0,0,75.37,1.98
Andhra Pradesh,3,3,Vizianagaram,1585206,5788,1255613,20379,23097,153,23250,6612,1778,1307632,37,0,82.19,1.78
Andhra Pradesh,4,4,Visakhapatnam,1927303,4095,1361624,20188,5171,142,5313,3765,240,1391130,0,0,72.03,0.38
Andhra Pradesh,5,5,Anakapalle,1596916,4449,1280264,18833,26084,151,26235,3253,141,1328726,0,0,82.97,1.97
Andhra Pradesh,6,6,Kakinada,1634122,799,1295665,16918,17105,115,17220,0,1583,1331386,31,0,81.43,1.29
Andhra Pradesh,7,7,Amalapuram (SC),1531410,819,1271539,16049,13418,100,13518,0,828,1301934,20,0,84.97,1.04
Andhra Pradesh,8,8,Rajahmundry,1623149,703,1287449,13413,24302,133,24435,2140,1725,1329162,29,0,81.85,1.84
Andhra Pradesh,9,9,Narsapuram,1472923,888,1209797,13800,7554,125,7679,0,1277,1232553,7,0,83.63,0.62
Andhra Pradesh,10,10,Eluru,1637430,686,1344513,15021,22371,144,22515,3891,2050,1387990,6,0,84.73,1.62
Andhra Pradesh,11,11,Machilipatnam,1539460,585,1280049,19829,12008,118,12126,2027,1458,1315489,7,0,85.42,0.92
Andhra Pradesh,12,12,Vijayawada,1704077,392,1338489,16723,9038,155,9193,5818,879,1371102,13,0,80.44,0.67
Andhra Pradesh,13,13,Guntur,1791543,1781,1396851,21133,7210,177,7387,9217,2940,1437528,0,0,80.16,0.51
Andhra Pradesh,14,14,Narsaraopet,1734858,1304,1471793,16577,11120,79,11199,3653,1655,1504877,18,0,86.68,0.74
Andhra Pradesh,15,15,Bapatla (SC),1506354,4823,1268823,18199,13599,124,13723,5195,2303,1308243,49,0,86.57,1.05
Andhra Pradesh,16,16,Ongole,1607832,6693,1388108,20901,13066,139,13205,0,3744,1425958,2,0,88.32,0.93
Andhra Pradesh,17,17,Nandyal,1721013,3178,1374469,19252,10538,159,10697,2360,3998,1410776,11,0,81.82,0.76
Andhra Pradesh,18,18,Kurnoolu,1722857,1334,1306288,13981,10394,117,10511,6389,2373,1339542,7,0,77.69,0.78
Andhra Pradesh,19,19,Ananthapur,1767591,1673,1411343,19886,9014,185,9199,3504,1566,1445498,0,0,81.7,0.64
Andhra Pradesh,20,20,Hindupur,1656775,1754,1378861,19507,17826,145,17971,7371,1153,1424863,0,0,85.91,1.26
Andhra Pradesh,21,21,Kadapa,1639066,2283,1283487,21642,16660,186,16846,4109,1535,1327619,0,0,80.89,1.27
Andhra Pradesh,22,22,Nellore,1712274,566,1336964,23108,15454,123,15577,2063,985,1378697,0,0,80.49,1.13
Andhra Pradesh,23,23,Thirupathi (SC),1729832,486,1349449,17003,15909,209,16118,3004,1892,1387466,6,0,80.19,1.16
Andhra Pradesh,24,24,Rajampet,1665702,1683,1302858,18681,11324,76,11400,3324,1657,1337920,2,0,80.24,0.85
Andhra Pradesh,25,25,Chittoor (SC),1640202,3391,1388210,18671,11812,164,11976,6859,194,1425910,0,0,86.76,0.84
Andhra Pradesh,State Total,,,41333702,68185,32859728,467528,398777,3591,402368,89770,39563,33858957,247,0,81.78,1.19
Arunachal Pradesh,26,1,Arunachal West,517384,2701,377478,20030,2133,163,2296,0,2526,402330,309,0,77.36,0.57
Arunachal Pradesh,27,2,Arunachal East,375310,3047,305559,12989,4654,241,4895,1179,1441,326063,1,0,86.18,1.5
Arunachal Pradesh,State Total,,,892694,5748,683037,33019,6787,404,7191,1179,3967,728393,310,0,81.07,0.99
Assam,28,1,Kokrajhar (ST),1484571,9833,1215884,11700,13662,250,13912,10760,2243,1254499,5,0,83.95,1.11
Assam,29,2,Dhubri,2660827,3160,2430771,7822,14912,103,15015,4357,815,2458780,12,0,92.3,0.61
Assam,30,3,Barpeta,1966847,12204,1658341,10485,16888,229,17117,1404,2704,1690051,6,0,85.4,1.01
Assam,31,4,Darrang-Udalguri,2209314,5202,1781108,6888,23086,118,23204,7570,1874,1820644,40,0,82.21,1.27
Assam,32,5,Guwahati,2036846,2919,1574560,4580,20139,110,20249,1733,1333,1602455,28,1,78.56,1.26
Assam,33,6,Diphu (ST),901032,1018,662161,4407,16127,132,16259,4153,396,687376,1,0,76.2,2.37
Assam,34,7,Karimganj,1412148,2372,1137498,6444,2851,89,2940,0,725,1147607,0,0,81.13,0.26
Assam,35,8,Silchar (SC),1369578,4981,1070014,6712,12598,102,12700,0,1522,1090948,0,0,79.37,1.16
Assam,36,9,Nagaon,1817204,3819,1532216,5787,11910,85,11995,0,630,1550628,4,0,85.15,0.77
Assam,37,10,Kaziranga,2050126,3679,1598955,6551,24212,219,24431,3161,2538,1635636,17,0,79.64,1.49
Assam,38,11,Sonitpur,1633800,5192,1262539,7181,18535,213,18748,885,1203,1290556,1,0,78.74,1.45
Assam,39,12,Lakhimpur,1577234,3266,1186846,7447,16716,205,16921,1894,1131,1214239,0,0,76.83,1.39
Assam,40,13,Dibrugarh,1659588,2410,1241564,4503,32163,92,32255,0,142,1278464,7,0,76.92,2.52
Assam,41,14,Jorhat,1727121,5823,1362526,14079,14477,78,14555,2684,2439,1396283,2,0,80.57,1.04
Assam,State Total,,,24506236,65878,19714983,104586,238276,2025,240301,38601,19695,20118166,123,1,81.87,1.19
Bihar,42,1,Valmiki Nagar,1827281,1771,1068224,2897,30673,36,30709,1228,416,1103474,0,0,60.33,2.78
Bihar,43,2,Paschim Champaran,1756078,3156,1070947,4021,11223,65,11288,0,542,1086798,0,0,61.78,1.04
Bihar,44,3,Purvi Champaran,1790761,2679,1049362,4538,19729,59,19788,0,656,1074344,0,0,59.9,1.84
Bihar,45,4,Sheohar,1832745,1692,1022375,3059,30130,38,30168,0,387,1055989,0,0,57.56,2.86
Bihar,46,5,Sitamarhi,1947996,2032,1059734,2125,32102,31,32133,2560,408,1096960,0,0,56.25,2.93
Bihar,47,6,Madhubani,1934980,1779,1005647,1362,20691,28,20719,0,400,1028128,0,0,53.08,2.02
Bihar,48,7,Jhanjharpur,2003040,2238,1055548,2265,35846,82,35928,0,376,1094117,0,0,54.56,3.28
Bihar,49,8,Supaul,1927207,1680,1206582,5920,18444,168,18612,0,440,1231554,0,0,63.85,1.51
Bihar,50,9,Araria,2018767,990,1236769,2287,13438,66,13504,0,191,1252751,1,0,62.02,1.08
Bihar,51,10,Kishanganj,1829994,203,1125117,1016,24953,13,24966,0,197,1151296,0,0,62.91,2.17
Bihar,52,11,Katihar,1833009,1503,1145328,3279,22866,73,22939,516,471,1172533,0,0,63.92,1.96
Bihar,53,12,Purnia,1893698,1338,1170788,1222,23819,15,23834,0,394,1196238,0,0,63.12,1.99
Bihar,54,13,Madhepura,2071166,2442,1174942,2128,32557,68,32625,0,127,1209822,0,0,58.34,2.7
Bihar,55,14,Darbhanga,1781356,1497,998253,2027,23881,23,23904,0,802,1024986,0,0,57.49,2.33
Bihar,56,15,Muzaffarpur,1866106,2966,1102556,2316,7539,49,7588,0,473,1112933,0,0,59.54,0.68
Bihar,57,16,Vaishali,1869178,2699,1142441,2159,27420,40,27460,0,376,1172436,0,0,62.63,2.34
Bihar,58,17,Gopalganj (SC),2024673,2381,1016680,3484,42713,150,42863,0,1554,1064581,0,0,52.52,4.03
Bihar,59,18,Siwan,1896512,5444,968581,2473,26925,39,26964,0,186,998204,0,0,52.48,2.7
Bihar,60,19,Maharajganj,1934937,7512,989800,2622,21662,25,21687,0,1204,1015313,0,0,52.27,2.14
Bihar,61,20,Saran,1795010,5780,1007112,2979,11382,35,11417,0,1105,1022613,0,0,56.79,1.12
Bihar,62,21,Hajipur (SC),1967094,5821,1112558,5839,36836,91,36927,0,281,1155605,0,0,58.57,3.2
Bihar,63,22,Ujiarpur,1745408,2969,1016937,1862,23246,23,23269,0,681,1042749,0,0,59.64,2.23
Bihar,64,23,Samastipur (SC),1818530,1486,1060176,1748,32645,23,32668,467,807,1095866,0,0,60.21,2.98
Bihar,65,24,Begusarai,2196089,4346,1266112,6179,22283,99,22382,647,907,1296227,0,0,58.91,1.73
Bihar,66,25,Khagaria,1840217,3550,1027556,3227,31056,55,31111,0,405,1062299,0,0,57.62,2.93
Bihar,67,26,Bhagalpur,1983031,5176,1029843,2435,31771,32,31803,0,950,1065031,0,0,53.57,2.99
Bihar,68,27,Banka,1856566,3401,976808,2458,34808,81,34889,0,776,1014931,0,0,54.57,3.44
Bihar,69,28,Munger,2042279,9550,1112630,4500,21920,31,21951,0,103,1139184,0,0,55.52,1.93
Bihar,70,29,Nalanda,2288240,5754,1120226,4940,19110,107,19217,0,573,1144956,0,0,49.91,1.68
Bihar,71,30,Patna Sahib,2292045,3482,1068230,1707,5532,27,5559,0,496,1075992,0,0,46.87,0.52
Bihar,72,31,Patliputra,2073685,6928,1221766,2727,5573,33,5606,454,141,1230694,0,0,59.15,0.46
Bihar,73,32,Arrah,2165574,18051,1071545,8053,16864,99,16963,329,190,1097080,0,0,50.24,1.55
Bihar,74,33,Buxar,1923164,11188,1056728,7414,9572,45,9617,0,327,1074086,0,0,55.53,0.9
Bihar,75,34,Sasaram (SC),1910368,4546,1074998,4858,17160,59,17219,0,850,1097925,0,0,57.34,1.57
Bihar,76,35,Karakat,1881191,6814,1006117,3906,21548,47,21595,976,785,1033379,0,0,54.73,2.09
Bihar,77,36,Jahanabad,1670327,8389,909152,5163,10960,95,11055,853,1473,927696,0,0,55.26,1.19
Bihar,78,37,Aurangabad,1871564,4245,919735,3518,22566,61,22627,0,164,946044,0,0,50.43,2.39
Bihar,79,38,Gaya (SC),1816815,4515,941210,5178,17177,111,17288,0,1194,964870,0,0,52.98,1.79
Bihar,80,39,Nawada,2006124,4162,852345,4933,12555,37,12592,980,988,871838,0,0,43.37,1.44
Bihar,81,40,Jamui (SC),1907126,3493,951190,1861,26148,34,26182,0,104,979337,0,0,51.26,2.67
Bihar,State Total,,,77089931,169648,42412648,136685,897323,2293,899616,9010,22900,43480859,1,0,56.28,2.07
Goa,82,1,North Goa,580577,133,444757,5679,6297,37,6334,0,452,457222,14,0,78.73,1.39
Goa,83,2,South Goa,598767,167,441120,4563,4804,33,4837,0,436,450956,8,0,75.29,1.07
Goa,State Total,,,1179344,300,885877,10242,11101,70,11171,0,888,908178,22,0,76.99,1.23
Gujarat,84,1,Kachchh (SC),1943136,497,1072277,4138,18604,138,18742,367,482,1096006,3,0,56.39,1.71
Gujarat,85,2,Banaskantha,1961924,1388,1343107,10629,22034,133,22167,719,1506,1378128,5,0,70.19,1.61
Gujarat,86,3,Patan,2019916,1856,1164991,11412,16382,340,16722,1578,851,1195554,3,0,59.13,1.4
Gujarat,87,4,Mahesana,1770617,1431,1048314,16887,11002,624,11626,621,1813,1079261,2,0,60.9,1.08
Gujarat,88,5,Sabarkantha,1976349,4448,1235621,12661,20665,411,21076,0,2132,1271490,3,0,64.19,1.66
Gujarat,89,6,Gandhinagar,2182736,666,1283607,16190,21233,772,22005,0,1743,1323545,45,0,60.62,1.66
Gujarat,90,7,Ahmedabad East,2038162,2101,1104880,12956,9911,592,10503,522,1895,1130756,4,0,55.42,0.93
Gujarat,91,8,Ahmedabad West (SC),1726987,658,943967,8672,13604,403,14007,0,1157,967803,5,0,56.02,1.45
Gujarat,92,9,Surendranagar,2033419,1582,1107380,10698,12799,500,13299,0,2013,1133390,0,0,55.69,1.17
Gujarat,93,10,Rajkot,2112273,453,1245490,12130,15288,634,15922,0,1324,1274866,11,0,60.34,1.25
Gujarat,94,11,Porbandar,1768212,1382,903554,12455,13004,577,13581,0,766,930356,0,0,52.57,1.46
Gujarat,95,12,Jamnagar,1817864,1095,1037020,3131,10972,112,11084,430,434,1052099,0,0,57.84,1.05
Gujarat,96,13,Junagadh,1795110,1422,1044020,10220,13434,579,14013,0,1369,1069622,0,0,59.54,1.31
Gujarat,97,14,Amreli,1732810,557,860248,4829,11125,224,11349,0,668,877094,0,0,50.6,1.29
Gujarat,98,15,Bhavnagar,1916900,1494,1013816,14651,17717,1048,18765,2103,1846,1051181,0,0,54.79,1.79
Gujarat,99,16,Anand,1780182,527,1140747,11292,15679,251,15930,1337,1678,1170984,2,0,65.76,1.36
Gujarat,100,17,Kheda,2007404,877,1145953,11071,18444,380,18824,2222,971,1179041,7,0,58.71,1.6
Gujarat,101,18,Panchmahal,1896743,1491,1096581,14813,19629,474,20103,0,1438,1132935,3,0,59.68,1.77
Gujarat,102,19,Dahod (ST),1875136,1111,1077475,5881,34774,164,34938,0,910,1119204,0,0,59.65,3.12
Gujarat,103,20,Vadodara,1949573,550,1182557,11204,17823,565,18388,405,1142,1213696,11,0,62.24,1.52
Gujarat,104,21,Chhota Udaipur (ST),1821708,729,1229596,8468,29394,261,29655,864,807,1269390,0,0,69.65,2.34
Gujarat,105,22,Bharuch,1723353,317,1168849,6832,23151,132,23283,0,637,1199601,0,0,69.6,1.94
Gujarat,106,23,Bardoli (ST),2048408,380,1299713,14078,24762,780,25542,3201,1099,1343633,8,0,65.58,1.9
Gujarat,107,25,Navsari,2223550,254,1306890,10864,19653,809,20462,0,1128,1339344,1,0,60.23,1.53
Gujarat,108,26,Valsad (ST),1859974,233,1333468,9570,18169,204,18373,794,803,1363008,1,0,73.27,1.35
Gujarat,State Total,,,47982446,27499,28390121,265732,449252,11107,460359,15163,30612,29161987,114,0,60.74,1.58
Haryana,109,1,AMBALA (SC),1996708,6802,1338106,2164,6427,25,6452,0,1372,1348094,23,0,67.29,0.48
Haryana,110,2,KURUKSHETRA,1794300,5522,1199993,3440,2420,19,2439,0,1089,1206961,2,0,67.06,0.2
Haryana,111,3,SIRSA (SC),1937689,3630,1347843,2666,4106,17,4123,0,1726,1356358,15,0,69.87,0.3
Haryana,112,4,HISAR,1790722,8817,1164980,5769,3333,33,3366,477,474,1175066,14,0,65.3,0.29
Haryana,113,5,KARNAL,2104229,5473,1337272,4665,3925,30,3955,0,764,1346656,8,0,63.83,0.29
Haryana,114,6,SONIPAT,1766624,10384,1116903,4721,2287,33,2320,1317,1793,1127054,4,0,63.42,0.21
Haryana,115,7,ROHTAK,1889844,23784,1237331,8753,2321,41,2362,1549,4048,1254043,11,0,65.53,0.19
Haryana,116,8,BHIWANI-MAHENDRAGARH,1793029,28735,1166479,11629,5188,99,5287,887,155,1184437,0,0,65.02,0.45
Haryana,117,9,GURGAON,2573411,11571,1589874,4941,6377,40,6417,0,2001,1603233,6,0,62.02,0.4
Haryana,118,10,FARIDABAD,2430212,6425,1462362,2139,6808,13,6821,1203,1203,1473728,35,0,60.48,0.46
Haryana,State Total,,,20076768,111143,12961143,50887,43192,350,43542,5433,14625,13075630,118,0,64.77,0.33
Himachal Pradesh,119,1,KANGRA,1502514,21518,1013085,17411,6260,112,6372,727,1083,1038678,10,0,68.15,0.61
Himachal Pradesh,120,2,MANDI,1364060,13113,991892,18273,5586,59,5645,432,2443,1018685,11,0,73.97,0.55
Himachal Pradesh,121,3,HAMIRPUR,1432636,23463,1017870,24215,5100,78,5178,0,5135,1052398,4,0,72.28,0.49
Himachal Pradesh,122,4,SHIMLA (SC),1346369,8296,953102,10933,5876,54,5930,488,862,971315,8,0,71.7,0.61
Himachal Pradesh,State Total,,,5645579,66390,3975949,70832,22822,303,23125,1647,9523,4081076,33,0,71.45,0.57
Karnataka,123,1,Chikkodi,1761694,8829,1383154,7331,2571,37,2608,0,2232,1395325,1,0,78.81,0.19
Karnataka,124,2,Belgaum,1923788,7958,1369602,8561,5683,43,5726,0,2932,1386821,5,0,71.79,0.41
Karnataka,125,3,Bagalkot,1806183,3907,1308495,5646,3398,22,3420,406,1746,1319713,0,0,72.91,0.26
Karnataka,126,4,Bijapur (SC),1946090,1886,1282504,6108,7482,20,7502,0,959,1297073,0,0,66.59,0.58
Karnataka,127,5,Gulbarga (SC),2098202,576,1297751,4297,8416,13,8429,0,756,1311233,25,0,62.48,0.64
Karnataka,128,6,Raichur (ST),2010103,338,1285811,3958,9825,25,9850,4170,1036,1304825,0,0,64.9,0.75
Karnataka,129,7,Bidar,1892962,1402,1234732,2904,4674,12,4686,0,735,1243057,1,0,65.62,0.38
Karnataka,130,8,Koppal,1866397,619,1321444,3973,3496,23,3519,0,903,1329839,1,0,71.23,0.26
Karnataka,131,9,Bellary (ST),1884040,432,1378688,3337,7871,18,7889,0,81,1389995,1,0,73.76,0.57
Karnataka,132,10,Haveri,1792774,1620,1379682,5265,10831,34,10865,633,686,1397131,0,0,77.86,0.78
Karnataka,133,11,Dharwad,1831975,2040,1356395,3949,6126,21,6147,0,79,1366570,2,0,74.51,0.45
Karnataka,134,12,Uttara Kannada,1641156,4565,1245861,6724,10151,25,10176,0,1110,1263871,1,0,76.8,0.81
Karnataka,135,13,Davanagere,1709244,565,1312786,4406,3165,11,3176,0,860,1321228,3,0,77.27,0.24
Karnataka,136,14,Shimoga,1752885,730,1368357,4535,4311,21,4332,672,683,1378579,0,0,78.61,0.31
Karnataka,137,15,Udupi Chikmagalur,1585162,559,1211704,6445,11235,34,11269,0,1644,1231062,3,0,77.63,0.92
Karnataka,138,16,Hassan,1736610,2208,1339543,6923,8470,71,8541,0,2368,1357375,0,0,78.06,0.63
Karnataka,139,17,Dakshina Kannada,1817603,524,1385223,6971,23515,61,23576,957,1741,1418468,45,0,78.02,1.66
Karnataka,140,18,Chitradurga (SC),1856876,509,1357145,6574,3156,34,3190,750,336,1367995,0,0,73.65,0.23
Karnataka,141,19,Tumkur,1661309,525,1290304,6687,6426,34,6460,0,857,1304308,0,0,78.49,0.5
Karnataka,142,20,Mandya,1779243,906,1445381,7150,7706,30,7736,0,296,1460563,2,0,82.05,0.53
Karnataka,143,21,Mysore,2092222,2088,1472215,7768,4446,44,4490,885,833,1486191,14,0,70.96,0.3
Karnataka,144,22,Chamarajanagar (SC),1778310,357,1357835,3819,8094,49,8143,0,539,1370336,0,0,77.04,0.59
Karnataka,145,23,Bangalore Rural,2802580,376,1903391,5500,10633,16,10649,0,1139,1920679,0,0,68.52,0.55
Karnataka,146,24,Bangalore North,3214496,795,1734230,4720,13499,55,13554,2893,1488,1756885,7,0,54.64,0.77
Karnataka,147,25,Bangalore central,2433751,503,1301759,2625,12103,23,12126,1725,111,1318346,4,0,54.16,0.92
Karnataka,148,26,Bangalore South,2341759,136,1237358,4127,7830,27,7857,0,710,1250052,46,0,53.38,0.63
Karnataka,149,27,Chikkballapur,1981347,420,1519340,4884,6545,51,6596,0,223,1531043,4,0,77.26,0.43
Karnataka,150,28,Kolar (SC),1726914,1284,1345523,3874,5798,33,5831,380,1206,1356814,0,0,78.51,0.43
Karnataka,State Total,,,54725675,46657,38426213,149061,217456,887,218343,13471,28289,38835377,165,0,70.9,0.56
Kerala,151,1,Kasaragod,1452230,3300,1096682,8752,7037,75,7112,837,3838,1117221,63,1,76.76,0.64
Kerala,152,2,Kannur,1358368,4712,1040067,14915,8718,155,8873,0,2316,1066171,24,0,78.22,0.83
Kerala,153,3,Vadakara,1421883,2909,1107910,12128,2855,54,2909,4032,2277,1129256,27,0,79.26,0.26
Kerala,154,4,Wayanad,1462423,2049,1068774,8880,6932,67,6999,0,1806,1086459,35,0,74.19,0.64
Kerala,155,5,Kozhikode,1429631,2877,1072401,11333,6236,80,6316,1011,1916,1092977,63,2,76.3,0.58
Kerala,156,6,Malappuram,1479921,793,1071388,7028,6650,116,6766,1633,580,1087395,43,0,73.44,0.62
Kerala,157,7,Ponnani,1470804,456,1013433,6302,6499,62,6561,0,320,1026616,60,0,69.78,0.64
Kerala,158,8,Palakkad,1398143,2771,1018516,8527,8724,69,8793,916,2194,1038946,62,0,74.16,0.85
Kerala,159,9,Alathur (SC),1337496,2687,969648,10587,11918,115,12033,0,1491,993759,18,0,74.15,1.21
Kerala,160,10,Thrissur,1483055,728,1075135,9669,6046,26,6072,0,1698,1092574,43,0,73.63,0.56
Kerala,161,11,Chalakudy,1310529,728,934771,8453,8021,42,8063,0,2233,953520,4,0,72.72,0.85
Kerala,162,12,Ernakulam,1324047,710,896387,6357,7715,43,7758,0,533,911035,23,0,68.77,0.85
Kerala,163,13,Idukki,1250157,1015,822446,8692,9468,51,9519,0,629,841286,3,0,67.24,1.13
Kerala,164,14,Kottayam,1254823,1315,810762,13528,11804,129,11933,719,948,837890,16,0,66.7,1.42
Kerala,165,15,Alappuzha,1400083,6606,1035546,15792,7252,113,7365,8087,2159,1068949,7,0,75.99,0.69
Kerala,166,16,Mavelikkara (SC),1331880,7279,869346,15742,9640,243,9883,0,3140,898111,3,0,67.07,1.1
Kerala,167,17,Pathanamthitta,1429700,4256,897480,13678,8268,143,8411,0,1996,921565,17,0,64.27,0.91
Kerala,168,18,Kollam,1326648,4225,896102,13043,6437,109,6546,1549,1020,918260,6,0,69,0.71
Kerala,169,19,Attingal,1396807,4307,960836,14714,9681,110,9791,0,1576,986917,35,0,70.44,0.99
Kerala,170,20,Thiruvananthapuram,1430531,4126,944190,12040,6684,69,6753,0,1368,964351,31,0,67.22,0.7
Kerala,State Total,,,27749159,57849,19601820,220160,156585,1871,158456,18784,34038,20033258,583,3,72.04,0.79
Madhya Pradesh,171,1,MORENA,2006730,9198,1178687,3730,4899,15,4914,0,2295,1189626,0,0,59.01,0.41
Madhya Pradesh,172,2,BHIND (SC),1900654,12735,1036598,5875,6486,48,6534,1194,680,1050881,0,0,54.92,0.62
Madhya Pradesh,173,3,GWALIOR,2154601,5605,1334619,5269,3309,32,3341,830,1668,1345727,0,0,62.3,0.25
Madhya Pradesh,174,4,GUNA,1889551,1144,1359465,5212,9055,34,9089,0,439,1374205,0,0,72.68,0.66
Madhya Pradesh,175,5,SAGAR,1745690,950,1140291,2601,7641,16,7657,0,466,1151015,8,0,65.9,0.67
Madhya Pradesh,176,6,TIKAMGARH (SC),1826585,1391,1083586,1973,12816,15,12831,0,411,1098801,2,0,60.11,1.17
Madhya Pradesh,177,7,DAMOH,1925314,686,1079303,1808,7820,13,7833,358,394,1089696,1,0,56.58,0.72
Madhya Pradesh,178,8,KHAJURAHO,1997483,1053,1121975,2438,16134,23,16157,0,834,1141404,3,0,57.11,1.42
Madhya Pradesh,179,9,SATNA,1705260,3563,1053883,2536,2538,15,2553,0,698,1059670,0,0,62.01,0.24
Madhya Pradesh,180,10,REWA,1852126,7313,908062,3131,6916,20,6936,415,1518,920062,0,0,49.48,0.75
Madhya Pradesh,181,11,SIDHI,2028451,1644,1141176,1872,4212,4,4216,930,568,1148762,0,0,56.59,0.37
Madhya Pradesh,182,12,SHAHDOL (ST),1777185,973,1129741,2911,19341,20,19361,424,425,1152862,2,0,64.83,1.68
Madhya Pradesh,183,13,JABALPUR,1896346,1834,1151470,2089,4964,22,4986,0,460,1159005,6,0,61.06,0.43
Madhya Pradesh,184,14,MANDLA (ST),2101811,1433,1513063,3648,18887,34,18921,0,474,1536106,4,0,73.04,1.23
Madhya Pradesh,185,15,BALAGHAT,1873653,2107,1365709,5061,11479,31,11510,0,506,1382786,9,0,73.72,0.83
Madhya Pradesh,186,16,CHHINDWARA,1632190,2531,1292285,2639,9887,16,9903,1161,573,1306561,10,0,79.93,0.76
Madhya Pradesh,187,17,HOSHANGABAD,1855692,2466,1232431,2320,14927,14,14941,0,280,1249972,4,0,67.27,1.2
Madhya Pradesh,188,18,VIDISHA,1945404,1227,1439820,6558,9218,62,9280,0,655,1456313,0,0,74.81,0.64
Madhya Pradesh,189,19,BHOPAL,2337557,1854,1487842,3822,6573,48,6621,594,1049,1499928,38,0,64.12,0.44
Madhya Pradesh,190,20,RAJGARH,1875211,1461,1416928,4809,7248,12,7260,1735,856,1431588,1,0,76.28,0.51
Madhya Pradesh,191,21,DEWAS (SC),1940472,3087,1454431,4284,10365,24,10389,0,839,1469943,0,0,75.63,0.71
Madhya Pradesh,192,22,UJJAIN (SC),1798704,1643,1316761,2487,9310,22,9332,0,631,1329211,19,0,73.83,0.7
Madhya Pradesh,193,23,MANDSOUR,1898060,2748,1416730,5100,11615,47,11662,420,962,1434874,9,0,75.49,0.81
Madhya Pradesh,194,24,RATLAM (ST),2094548,561,1496479,4429,31697,38,31735,0,1555,1534198,2,0,73.23,2.07
Madhya Pradesh,195,25,DHAR (ST),1953834,1283,1406417,2976,15612,39,15651,0,603,1425647,6,0,72.92,1.1
Madhya Pradesh,196,26,INDORE,2526830,1148,1339956,3338,218355,319,218674,0,759,1562727,10,0,61.82,13.99
Madhya Pradesh,197,27,KHARGONE (ST),2046030,379,1537721,2800,18237,20,18257,0,225,1559003,19,0,76.18,1.17
Madhya Pradesh,198,28,KHANDWA,2112203,671,1496993,2710,12817,22,12839,1032,1416,1514990,2,0,71.7,0.85
Madhya Pradesh,199,29,BETUL (ST),1895331,2658,1373377,2321,20309,13,20322,0,785,1396805,7,0,73.59,1.45
Madhya Pradesh,State Total,,,56593506,75346,37305799,100747,532667,1038,533705,9093,23024,37972368,162,0,67.01,1.41
Maharashtra,200,1,Nandurbar (ST),1970327,997,1377288,2258,14108,15,14123,1239,85,1394993,9,0,70.76,1.01
Maharashtra,201,2,Dhule,2022061,3214,1210864,3738,4661,32,4693,1998,648,1221941,37,0,60.33,0.38
Maharashtra,202,3,Jalgaon,1994046,6356,1151338,4296,13878,41,13919,761,339,1170653,74,0,58.52,1.19
Maharashtra,203,4,Raver,1821750,2077,1165292,2274,4073,27,4100,1579,488,1173733,49,0,64.36,0.35
Maharashtra,204,5,Buldhana,1782700,4395,1101517,4193,3750,36,3786,618,110,1110224,22,0,62.12,0.34
Maharashtra,205,6,Akola,1890814,3843,1162016,5273,5752,31,5783,598,112,1173782,40,0,61.95,0.49
Maharashtra,206,7,Amravati (SC),1836078,2689,1166688,4347,2517,27,2544,0,1200,1174779,36,0,63.89,0.22
Maharashtra,207,8,Wardha,1682771,1521,1085764,4614,4583,51,4634,1098,539,1096649,7,0,65.11,0.42
Maharashtra,208,9,Ramtek (SC),2049085,1867,1242192,2493,7769,58,7827,244,127,1252883,52,0,61.09,0.62
Maharashtra,209,10,Nagpur,2223281,1001,1202021,3826,5434,40,5474,314,450,1212085,203,1,54.49,0.45
Maharashtra,210,11,Bhandara Gondiya,1827188,3211,1214145,10660,10106,162,10268,678,2061,1237812,11,0,67.63,0.83
Maharashtra,211,12,Gadchiroli - Chimur (ST),1617207,1483,1144534,5249,16507,70,16577,1415,137,1167912,16,0,72.15,1.42
Maharashtra,212,13,Chandrapur,1837906,1854,1227470,2991,10821,22,10843,3298,523,1245125,41,1,67.68,0.87
Maharashtra,213,14,Yavatmal- Washim,1940916,1545,1210934,5205,9316,75,9391,0,71,1225601,87,0,63.1,0.77
Maharashtra,214,15,Hingoli,1817734,1348,1151889,4286,3079,44,3123,0,446,1159744,15,0,63.75,0.27
Maharashtra,215,16,Nanded,1851843,1689,1120081,4545,3579,49,3628,4983,721,1133958,2,0,61.18,0.32
Maharashtra,216,17,Parbhani,2123056,1441,1318693,9098,3306,79,3385,0,158,1331334,3,0,62.67,0.25
Maharashtra,217,18,Jalna,1967574,2379,1354467,5405,3504,33,3537,3255,908,1367572,9,0,69.42,0.26
Maharashtra,218,19,Aurangabad,2059710,1510,1291995,4429,5729,44,5773,503,83,1302783,66,0,63.2,0.44
Maharashtra,219,20,Dindori (ST),1853387,4537,1228469,4195,8206,40,8246,0,1075,1241985,20,0,66.85,0.66
Maharashtra,220,21,Nashik,2030124,3051,1227108,3911,6144,41,6185,0,409,1237613,450,0,60.87,0.5
Maharashtra,221,22,Palghar (ST),2148514,336,1349847,2842,23312,73,23385,0,603,1376677,137,0,64.07,1.7
Maharashtra,222,23,Bhiwandi,2087244,360,1240072,3980,9266,81,9347,1048,331,1254778,156,0,60.11,0.74
Maharashtra,223,24,Kalyan,2082221,579,1030873,3177,11603,83,11686,1157,354,1047247,354,0,50.28,1.12
Maharashtra,224,25,Thane,2507372,700,1286659,4508,17768,133,17901,1754,234,1311056,249,0,52.27,1.37
Maharashtra,225,26,Mumbai North,1811942,173,1019255,2892,13248,98,13346,764,238,1036495,110,1,57.2,1.29
Maharashtra,226,27,Mumbai North West,1735088,207,936546,3232,15036,125,15161,0,111,955050,213,0,55.04,1.59
Maharashtra,227,28,Mumbai North East,1636890,402,912168,4128,10088,85,10173,535,263,927267,128,1,56.63,1.1
Maharashtra,228,29,Mumbai North Central,1744128,169,897564,3249,9665,84,9749,0,180,910742,93,0,52.21,1.07
Maharashtra,229,30,Mumbai South Central,1474405,255,777022,4079,13316,107,13423,0,348,794872,73,0,53.9,1.69
Maharashtra,230,31,Mumbai South,1536168,275,755933,3769,13290,121,13411,0,215,773328,76,1,50.33,1.73
Maharashtra,231,32,Raigad,1668372,1350,981317,4685,27188,82,27270,1194,750,1015216,4,0,60.8,2.69
Maharashtra,232,33,Maval,2585018,758,1401137,1504,16729,31,16760,572,254,1420227,218,1,54.92,1.18
Maharashtra,233,34,Pune,2061276,896,1096222,890,7449,11,7460,0,197,1104769,540,0,53.57,0.68
Maharashtra,234,35,Baramati,2372668,2216,1401544,1654,9130,21,9151,1159,526,1414034,105,0,59.54,0.65
Maharashtra,235,36,Shirur,2539702,2048,1363163,1640,9634,27,9661,2801,426,1377691,117,0,54.2,0.7
Maharashtra,236,37,Ahmednagar,1981866,7068,1317064,5131,3254,28,3282,0,1653,1327130,32,0,66.73,0.25
Maharashtra,237,38,Shirdi (SC),1677335,2732,1052002,2482,5326,54,5380,0,554,1060418,18,0,63.12,0.51
Maharashtra,238,39,Beed,2142547,4516,1516546,3662,2068,19,2087,1119,1156,1524570,0,0,71.01,0.14
Maharashtra,239,40,Osmanabad,1992737,3747,1268849,7905,4250,48,4298,0,1391,1282443,6,0,64.24,0.34
Maharashtra,240,41,Latur (SC),1977042,3367,1231311,4201,3542,25,3567,2537,1535,1243151,13,0,62.77,0.29
Maharashtra,241,42,Solapur (SC),2030119,1802,1198548,3212,2713,12,2725,412,126,1205023,105,0,59.3,0.23
Maharashtra,242,43,Madha,1991454,4844,1263470,6246,3655,47,3702,421,1268,1275107,4,0,63.87,0.29
Maharashtra,243,44,Sangli,1868174,6002,1156851,5328,6512,53,6565,0,576,1169320,48,0,62.39,0.56
Maharashtra,244,45,Satara,1889740,9585,1188011,4471,5476,46,5522,0,2180,1200184,25,0,63.19,0.46
Maharashtra,245,46,Ratnagiri- Sindhudurg,1451630,1034,894690,7705,11516,127,11643,1411,1545,916994,7,0,63.12,1.27
Maharashtra,246,47,Kolhapur,1936403,6322,1380300,7043,5932,51,5983,0,844,1394170,36,0,71.76,0.43
Maharashtra,247,48,Hatkanangale,1814277,4119,1285164,5757,5027,76,5103,0,1258,1297282,7,0,71.34,0.39
Maharashtra,State Total,,,92943890,117870,56556893,206658,412815,2765,415580,39465,29806,57248402,4123,6,61.52,0.73
Manipur,248,1,Inner Manipur,991574,9541,786205,6895,3707,90,3797,4809,4331,806037,12,0,80.51,0.47
Manipur,249,2,Outer Manipur (ST),1038027,12215,784713,4797,6530,695,7225,2421,576,799732,0,0,76.15,0.9
Manipur,State Total,,,2029601,21756,1570918,11692,10237,785,11022,7230,4907,1605769,12,0,78.28,0.69
Meghalaya,250,1,Shillong (ST),1400411,2481,1022507,4396,10944,64,11008,0,646,1038557,11,0,74.03,1.06
Meghalaya,251,2,Tura (ST),826156,1403,664632,3584,5809,31,5840,1811,603,676470,7,0,81.74,0.86
Meghalaya,State Total,,,2226567,3884,1687139,7980,16753,95,16848,1811,1249,1715027,18,0,76.89,0.98
Mizoram,252,1,MIZORAM (ST),856364,4963,485023,4420,1866,27,1893,299,193,491828,0,0,57.1,0.38
Mizoram,State Total,,,856364,4963,485023,4420,1866,27,1893,299,193,491828,0,0,57.1,0.38
Nagaland,253,1,Nagaland,1317536,7847,755634,3516,1520,126,1646,3384,2393,766573,6,0,57.84,0.21
Nagaland,State Total,,,1317536,7847,755634,3516,1520,126,1646,3384,2393,766573,6,0,57.84,0.21
Odisha,254,1,Bargarh,1631974,1919,1287852,9471,12414,127,12541,1803,859,1312526,7,0,80.33,0.96
Odisha,255,2,Sundargarh (ST),1576105,2991,1131216,6760,17752,49,17801,2161,1822,1159760,21,0,73.44,1.53
Odisha,256,3,Sambalpur,1499728,1810,1178165,6099,12451,32,12483,2686,1382,1200815,0,0,79.97,1.04
Odisha,257,4,Keonjhar (ST),1588179,1762,1228015,3837,24746,17,24763,0,2156,1258771,464,0,79.17,1.97
Odisha,258,5,Mayurbhanj (ST),1542927,3347,1145816,8281,19853,100,19953,3666,425,1178141,17,0,76.19,1.69
Odisha,259,6,Balasore,1608014,2029,1227321,4018,7326,17,7343,902,1415,1240999,0,0,77.08,0.59
Odisha,260,7,Bhadrak (SC),1770915,3013,1285726,6173,5457,21,5478,5055,1151,1303583,11,0,73.49,0.42
Odisha,261,8,Jajpur (SC),1545664,2930,1145109,9311,6738,50,6788,0,388,1161596,0,0,75.01,0.58
Odisha,262,9,Dhenkanal,1529785,3917,1170302,7594,13731,46,13777,9298,1032,1202003,35,0,78.37,1.15
Odisha,263,10,Bolangir,1801744,1800,1378071,6113,16010,54,16064,3242,963,1404453,1,0,77.87,1.14
Odisha,264,11,Kalahandi,1700780,1258,1303179,11350,19620,95,19715,2238,1998,1338480,5,0,78.64,1.47
Odisha,265,12,Nabarangpur (ST),1514140,470,1193421,5786,43240,28,43268,6855,845,1250175,18,0,82.54,3.46
Odisha,266,13,Kandhamal,1339090,1490,974829,5542,15691,29,15720,2783,891,999765,7,1,74.58,1.57
Odisha,267,14,Cuttack,1571622,3357,1108811,3825,8130,29,8159,2219,65,1123079,0,0,71.31,0.73
Odisha,268,15,Kendrapara,1792723,3002,1266754,4539,5807,8,5815,4711,1645,1283464,0,0,71.47,0.45
Odisha,269,16,Jagatsinghpur (SC),1700814,2675,1275251,6154,4852,30,4882,3899,1140,1291326,13,0,75.8,0.38
Odisha,270,17,Puri,1586465,3233,1183466,5862,7568,42,7610,3815,681,1201434,27,0,75.58,0.63
Odisha,271,18,Bhubaneswar,1672774,2245,1069215,4698,8261,41,8302,567,759,1083541,39,2,64.69,0.77
Odisha,272,19,Aska,1620974,2430,994122,1851,21925,16,21941,0,625,1018539,4,0,62.74,2.15
Odisha,273,20,Berhampur,1591380,3848,1022903,4078,15903,39,15942,2148,1617,1046688,6,0,65.61,1.52
Odisha,274,21,Koraput (ST),1480922,720,1105719,4794,37077,25,37102,5763,1843,1155221,6,0,77.97,3.21
Odisha,State Total,,,33666719,50246,24675263,126136,324552,895,325447,63811,23702,25214359,681,3,74.78,1.29
Punjab,275,1,Gurdaspur,1605204,22407,1066965,7507,3289,65,3354,0,3202,1081028,10,0,66.42,0.31
Punjab,276,2,Amritsar,1611263,6279,899641,2301,3685,29,3714,0,169,905825,6,0,56,0.41
Punjab,277,3,Khadoor Sahib,1667797,12238,1039376,4337,3420,32,3452,471,1637,1049273,0,0,62.46,0.33
Punjab,278,4,Jalandhar (SC),1654005,1863,982878,1486,4724,19,4743,0,209,989316,5,0,59.75,0.48
Punjab,279,5,Hoshiarpur (SC),1601826,16360,937357,5576,5453,99,5552,0,631,949116,3,0,58.65,0.58
Punjab,280,6,Anandpur Sahib,1732211,8395,1067358,3363,6351,51,6402,0,327,1077450,1,0,61.9,0.59
Punjab,281,7,Ludhiana,1758614,2142,1052179,1902,5040,36,5076,0,521,1059678,2,0,60.18,0.48
Punjab,282,8,Fatehgarh Sahib (SC),1552567,4634,961934,3134,9097,91,9188,0,310,974566,1,0,62.58,0.94
Punjab,283,9,Faridkot (SC),1594033,5828,1005634,4678,4077,66,4143,0,88,1014543,0,0,63.41,0.41
Punjab,284,10,Firozpur,1670008,4971,1112039,6976,5895,205,6100,1307,954,1127376,5,0,67.31,0.54
Punjab,285,11,Bathinda,1651188,7975,1140446,5791,4818,115,4933,0,550,1151720,1,0,69.42,0.43
Punjab,286,12,Sangrur,1556601,7207,1001630,4215,3773,47,3820,648,393,1010706,4,0,64.63,0.38
Punjab,287,13,Patiala,1806424,5156,1142424,2638,6641,40,6681,0,509,1152252,2,0,63.6,0.58
Punjab,State Total,,,21461741,105455,13409861,53904,66263,895,67158,2426,9500,13542849,40,0,62.79,0.5
Rajasthan,288,1,GANGANAGAR (SC),2102002,1966,1386762,13637,12940,155,13095,0,816,1414310,31,0,67.22,0.93
Rajasthan,289,2,BIKANER (SC),2048399,2349,1095992,9732,12431,127,12558,0,1090,1119372,17,0,54.58,1.12
Rajasthan,290,3,CHURU,2213187,9026,1401206,16783,6583,73,6656,0,1953,1426598,27,0,64.2,0.47
Rajasthan,291,4,JHUNJHUNU,2068540,29192,1088454,23841,6454,178,6632,0,6189,1125116,10,0,53.63,0.59
Rajasthan,292,5,SIKAR,2214900,17434,1267230,26360,7081,185,7266,0,3481,1304337,9,0,58.43,0.56
Rajasthan,293,6,JAIPUR RURAL,2184978,9577,1230561,23974,7405,114,7519,796,2738,1265588,11,0,57.67,0.59
Rajasthan,294,7,JAIPUR,2287350,1443,1438830,14000,10280,148,10428,507,1235,1465000,29,0,64.01,0.71
Rajasthan,295,8,ALWAR,2059888,15205,1231746,15870,5727,95,5822,0,3383,1256821,8,0,60.57,0.46
Rajasthan,296,9,BHARATPUR (SC),2114916,10055,1111506,16051,5344,99,5443,0,3014,1136014,7,0,53.46,0.48
Rajasthan,297,10,KARAULI-DHOLPUR (SC),1975352,4830,971608,9054,7402,58,7460,605,2271,990998,1,0,50.05,0.75
Rajasthan,298,11,DAUSA (ST),1899304,4216,1052794,14094,5789,57,5846,0,1798,1074532,7,0,56.45,0.54
Rajasthan,299,12,TONK-SAWAI MADHOPUR,2148128,2488,1206141,12266,8105,72,8177,1105,913,1228602,17,0,57.13,0.67
Rajasthan,300,13,AJMER,1995699,3700,1179286,10491,11290,112,11402,0,1656,1202835,16,0,60.16,0.95
Rajasthan,301,14,NAGAUR,2146725,8777,1219200,10502,8711,60,8771,585,2221,1241279,20,0,57.59,0.71
Rajasthan,302,15,PALI,2343232,5042,1326255,13734,13763,90,13853,0,1732,1355574,48,0,57.73,1.02
Rajasthan,303,16,JODHPUR,2132713,5528,1359860,13387,10511,80,10591,0,2080,1385918,52,0,64.82,0.76
Rajasthan,304,17,BARMER,2206237,2393,1657421,12727,17893,10,17903,0,1087,1689138,55,0,76.48,1.06
Rajasthan,305,18,JALORE,2297328,364,1426457,6210,18439,20,18459,0,405,1451531,47,0,63.17,1.27
Rajasthan,306,19,UDAIPUR (ST),2230971,269,1464507,10921,22848,100,22948,0,698,1499074,46,0,67.19,1.53
Rajasthan,307,20,BANSWARA (ST),2200438,169,1604855,11027,20892,78,20970,0,170,1637022,36,0,74.39,1.28
Rajasthan,308,21,CHITTORGARH,2170167,571,1483384,9759,5518,72,5590,0,863,1499596,59,0,69.08,0.37
Rajasthan,309,22,RAJSAMAND,2060942,3536,1190967,9752,12339,72,12411,0,1293,1214423,25,0,58.82,1.02
Rajasthan,310,23,BHILWARA,2147159,1498,1282907,8112,13337,39,13376,0,749,1305144,34,0,60.74,1.02
Rajasthan,311,24,KOTA,2088023,830,1477725,12171,10176,85,10261,0,802,1500959,57,0,71.86,0.68
Rajasthan,312,25,JHALAWAR-BARAN,2030525,449,1399594,5710,15958,69,16027,0,826,1422157,11,0,70.02,1.13
Rajasthan,State Total,,,53367103,140907,32555248,330165,277216,2248,279464,3598,43463,33211938,680,0,62.07,0.84
Sikkim,313,1,Sikkim,464140,2503,366436,15930,2433,94,2527,1007,2607,388507,16,1,83.26,0.65
Sikkim,State Total,,,464140,2503,366436,15930,2433,94,2527,1007,2607,388507,16,1,83.26,0.65
Tamil Nadu,314,1,TIRUVALLUR (SC),2085991,695,1395039,3795,18908,70,18978,16713,605,1435130,0,0,68.78,1.32
Tamil Nadu,315,2,CHENNAI NORTH,1496224,235,886191,3090,13139,69,13208,0,264,902753,0,1,60.33,1.46
Tamil Nadu,316,3,CHENNAI SOUTH,2023133,248,1080319,3349,15607,46,15653,0,684,1100005,1,0,54.36,1.42
Tamil Nadu,317,4,CHENNAI CENTRAL,1350161,173,716223,3163,11082,81,11163,597,564,731710,6,0,54.19,1.53
Tamil Nadu,318,5,SRIPERUMBUDUR,2382119,459,1409087,5398,26294,156,26450,0,447,1441382,33,0,60.5,1.84
Tamil Nadu,319,6,KANCHEEPURAM (SC),1748866,326,1236318,6295,16811,154,16965,0,1101,1260679,13,0,72.07,1.35
Tamil Nadu,320,7,ARAKKONAM,1562871,5269,1144301,6908,12423,190,12613,3849,2386,1170057,0,0,74.61,1.08
Tamil Nadu,321,8,VELLORE,1528273,6074,1114956,5766,8669,67,8736,827,1552,1131837,0,0,73.77,0.77
Tamil Nadu,322,9,KRISHNAGIRI,1623179,4672,1149994,5180,10893,89,10982,0,1295,1167451,3,0,71.72,0.94
Tamil Nadu,323,10,DHARMAPURI,1524896,1903,1229335,9299,9093,105,9198,369,1070,1249271,8,0,81.82,0.74
Tamil Nadu,324,11,TIRUVANNAMALAI,1533099,3894,1125737,8579,11527,430,11957,0,1955,1148228,6,0,74.71,1.04
Tamil Nadu,325,12,ARANI,1496118,3541,1123233,7840,9084,104,9188,0,429,1140690,2,0,76.06,0.81
Tamil Nadu,326,13,VILUPPURAM (SC),1503115,844,1136594,7107,8874,92,8966,4985,1800,1159452,5,0,77.09,0.77
Tamil Nadu,327,14,KALLAKURICHI,1568681,416,1234211,6825,8351,181,8532,0,1450,1251018,14,0,79.73,0.68
Tamil Nadu,328,15,SALEM,1658681,588,1281025,8925,14677,217,14894,922,1613,1307379,14,0,78.79,1.14
Tamil Nadu,329,16,NAMAKKAL,1452562,390,1123380,9939,12736,248,12984,0,1194,1147497,1,0,78.98,1.13
Tamil Nadu,330,17,ERODE,1538778,182,1072664,6776,13742,241,13983,0,943,1094366,4,0,71.11,1.28
Tamil Nadu,331,18,TIRUPPUR,1608521,199,1118889,5923,17554,183,17737,0,1075,1143624,25,0,71.09,1.55
Tamil Nadu,332,19,NILGIRIS (SC),1428387,502,1000714,5192,12902,98,13000,0,1179,1020085,41,0,71.39,1.27
Tamil Nadu,333,20,COIMBATORE,2106124,376,1354500,6545,11677,111,11788,598,696,1374127,36,0,65.23,0.86
Tamil Nadu,334,21,POLLACHI,1597467,250,1106040,5502,14399,104,14503,2293,484,1128822,30,0,70.65,1.28
Tamil Nadu,335,22,DINDIGUL,1607051,1573,1121314,6187,21860,260,22120,0,824,1150445,2,0,71.52,1.92
Tamil Nadu,336,23,KARUR,1429790,709,1117185,6585,8174,101,8275,0,1024,1133069,0,0,79.21,0.73
Tamil Nadu,337,24,TIRUCHIRAPPALLI,1553985,635,1034605,7510,13560,289,13849,0,879,1056843,0,0,67.98,1.31
Tamil Nadu,338,25,PERAMBALUR,1446352,845,1109784,9120,10075,247,10322,0,1150,1130376,2,0,78.11,0.91
Tamil Nadu,339,26,CUDDALORE,1412746,424,1014556,9715,7084,208,7292,3957,1831,1037351,2,0,73.41,0.7
Tamil Nadu,340,27,CHIDAMBARAM (SC),1519847,1123,1150087,8223,8631,130,8761,1986,1644,1170701,9,0,76.97,0.75
Tamil Nadu,341,28,MAYILADUTHURAI,1545568,507,1074774,4239,8642,53,8695,0,456,1088164,4,0,70.38,0.8
Tamil Nadu,342,29,NAGAPATTINAM (SC),1345120,588,959206,4887,8843,75,8918,0,762,973773,0,0,72.36,0.92
Tamil Nadu,343,30,THANJAVUR,1501226,830,1010122,5751,12674,159,12833,2044,544,1031294,3,0,68.66,1.24
Tamil Nadu,344,31,SIVAGANGA,1633857,1798,1040239,4991,8119,70,8189,1874,1732,1057025,12,0,64.62,0.77
Tamil Nadu,345,32,MADURAI,1582271,979,970549,5246,11074,100,11174,0,1247,988216,7,0,62.42,1.13
Tamil Nadu,346,33,THENI,1622949,7379,1122363,7520,11206,130,11336,0,1940,1143159,3,0,70.12,0.99
Tamil Nadu,347,34,VIRUDHUNAGAR,1501942,3985,1044251,8242,9256,152,9408,1197,1820,1064918,11,0,70.72,0.88
Tamil Nadu,348,35,RAMANATHAPURAM,1617688,2073,1095967,7591,6163,132,6295,980,431,1111264,0,0,68.61,0.57
Tamil Nadu,349,36,THOOTHUKKUDI,1458430,2752,963384,5336,9682,124,9806,2402,106,981034,14,0,67.14,1
Tamil Nadu,350,37,TENKASI (SC),1525439,3691,1014430,7524,16877,288,17165,497,1320,1040936,12,0,68.07,1.65
Tamil Nadu,351,38,TIRUNELVELI,1654503,1762,1053371,6681,7285,111,7396,0,1788,1069236,15,0,64.56,0.69
Tamil Nadu,352,39,KANNIYAKUMARI,1557915,8133,1013161,12138,3680,76,3756,3082,3602,1035739,1,0,66.14,0.36
Tamil Nadu,State Total,,,62333925,71022,42948098,258882,461327,5741,467068,49172,45886,43769106,339,1,70.14,1.07
Tripura,353,1,Tripura West,1463526,5927,1178043,17154,14444,168,14612,0,2965,1212774,0,0,82.53,1.2
Tripura,354,2,Tripura East (ST),1396761,4682,1103488,12554,18176,127,18303,760,948,1136053,2,0,81.06,1.61
Tripura,State Total,,,2860287,10609,2281531,29708,32620,295,32915,760,3913,2348827,2,0,81.82,1.4
Uttar Pradesh,355,1,Saharanpur,1855310,2506,1222616,2273,4559,7,4566,0,892,1230347,1,0,66.23,0.37
Uttar Pradesh,356,2,Kairana,1722432,5147,1072324,4233,3213,36,3249,0,229,1080035,4,0,62.52,0.3
Uttar Pradesh,357,3,Muzaffarnagar,1817472,6245,1071123,3630,3884,32,3916,0,246,1078915,0,0,59.16,0.36
Uttar Pradesh,358,4,Bijnor,1738307,4906,1016491,3495,4386,60,4446,0,411,1024843,0,0,58.79,0.43
Uttar Pradesh,359,5,Nagina (SC),1644909,2401,993583,2413,5287,20,5307,0,196,1001499,0,0,60.8,0.53
Uttar Pradesh,360,6,Moradabad,2059578,3064,1275012,2349,5807,17,5824,0,627,1283812,0,0,62.24,0.45
Uttar Pradesh,361,7,Rampur,1731836,1407,961101,1325,5643,10,5653,548,164,968791,0,0,55.89,0.58
Uttar Pradesh,362,8,Sambhal,1898202,1090,1186508,1258,7213,4,7217,414,309,1195706,0,0,62.96,0.6
Uttar Pradesh,363,9,Amroha,1716641,4036,1102749,2041,5886,14,5900,0,445,1111135,0,0,64.58,0.53
Uttar Pradesh,364,10,Meerut,2000530,5139,1174374,3329,4738,38,4776,0,977,1183456,0,0,59.01,0.4
Uttar Pradesh,365,11,Baghpat,1653146,12062,923648,5015,4980,130,5110,549,422,934744,0,0,56.13,0.55
Uttar Pradesh,366,12,Ghaziabad,2945487,3233,1460413,1806,8195,16,8211,0,310,1470740,0,0,49.88,0.56
Uttar Pradesh,367,13,Gautam Buddha Nagar,2675148,6334,1423084,3836,10286,38,10324,1366,1450,1440060,0,0,53.7,0.72
Uttar Pradesh,368,14,Bulandshahr (SC),1859462,8519,1042455,5019,6870,55,6925,0,1958,1056357,0,0,56.55,0.66
Uttar Pradesh,369,15,Aligarh,1997234,5634,1126239,2193,4916,18,4934,5791,265,1139422,4,0,56.89,0.43
Uttar Pradesh,370,16,Hathras (SC),1938080,8058,1072753,3668,6257,42,6299,485,241,1083446,0,0,55.67,0.58
Uttar Pradesh,371,17,Mathura,1929550,9580,948995,3488,4527,36,4563,0,417,957463,0,0,49.38,0.48
Uttar Pradesh,372,18,Agra (SC),2072685,3136,1112254,4511,6929,85,7014,483,1114,1125376,2,0,54.21,0.62
Uttar Pradesh,373,19,Fatehpur Sikri,1798823,8491,1021145,5217,7764,29,7793,0,483,1034638,12,0,57.25,0.75
Uttar Pradesh,374,20,Firozabad,1890772,5280,1099937,2080,5273,6,5279,1178,261,1108735,0,0,58.48,0.48
Uttar Pradesh,375,21,Mainpuri,1790797,7254,1046453,2976,4570,12,4582,735,1446,1056192,0,0,58.74,0.43
Uttar Pradesh,376,22,Etah,1700524,3411,1002464,2761,5145,11,5156,924,315,1011620,1,0,59.37,0.51
Uttar Pradesh,377,23,Badaun,2008758,1546,1082109,1093,8553,9,8562,1290,496,1093550,0,0,54.4,0.78
Uttar Pradesh,378,24,Aonla,1891713,1909,1079277,2761,6843,15,6858,613,553,1090062,0,0,57.56,0.63
Uttar Pradesh,379,25,Bareilly,1924434,1733,1110239,3059,6226,34,6260,411,336,1120305,0,0,58.16,0.56
Uttar Pradesh,380,26,Pilibhit,1831699,2262,1149253,4953,6714,27,6741,0,288,1161235,0,0,63.32,0.58
Uttar Pradesh,381,27,Shahjahanpur (SC),2331834,1309,1235136,4276,8449,41,8490,0,845,1248747,0,0,53.52,0.68
Uttar Pradesh,382,28,Kheri,1870170,1054,1201895,3533,7915,16,7931,0,184,1213543,4,0,64.85,0.65
Uttar Pradesh,383,29,Dhaurahra,1719345,634,1102359,2344,7133,11,7144,0,221,1112068,1,0,64.66,0.64
Uttar Pradesh,384,30,Sitapur,1759943,424,1093872,1185,6954,4,6958,437,273,1102725,0,0,62.64,0.63
Uttar Pradesh,385,31,Hardoi (SC),1910485,1294,1088544,2758,8778,36,8814,1570,384,1102070,0,0,57.65,0.8
Uttar Pradesh,386,32,Misrikh (SC),1878195,1603,1041154,2800,7997,32,8029,400,375,1052758,0,0,56,0.76
Uttar Pradesh,387,33,Unnao,2341740,3103,1288572,4246,9430,23,9453,568,712,1303551,2,0,55.59,0.73
Uttar Pradesh,388,34,Mohanlalganj (SC),2187232,2634,1365640,2946,8838,28,8866,1395,511,1379358,1,0,62.99,0.64
Uttar Pradesh,389,35,Lucknow,2172171,1782,1125943,3599,7316,34,7350,2496,834,1140222,0,0,52.45,0.64
Uttar Pradesh,390,36,Rae Bareli,1784314,4417,1028783,2564,7861,11,7872,0,732,1039951,0,0,58.14,0.76
Uttar Pradesh,391,37,Amethi,1796098,2617,967308,3980,9371,12,9383,0,212,980883,0,0,54.53,0.96
Uttar Pradesh,392,38,Sultanpur,1852590,3012,1021679,3195,8500,13,8513,0,744,1034131,0,0,55.73,0.82
Uttar Pradesh,393,39,Pratapgarh,1833312,3436,940435,3962,2869,22,2891,0,98,947386,0,0,51.58,0.31
Uttar Pradesh,394,40,Farrukhabad,1747182,4803,1027434,1995,4350,15,4365,350,900,1035044,0,0,59.08,0.42
Uttar Pradesh,395,41,Etawah (SC),1828498,5991,1024392,3126,6229,37,6266,0,370,1034154,0,0,56.37,0.61
Uttar Pradesh,396,42,Kannauj,1988925,4691,1209480,3535,4805,13,4818,796,342,1218971,0,0,61.14,0.4
Uttar Pradesh,397,43,Kanpur,1662859,1935,877994,5285,4048,69,4117,0,552,887948,0,0,53.34,0.46
Uttar Pradesh,398,44,Akbarpur,1869167,6745,1072295,7009,7523,126,7649,0,1036,1087989,0,0,58,0.7
Uttar Pradesh,399,45,Jalaun (SC),2006161,4422,1115828,1967,11138,16,11154,0,259,1129208,0,0,56.16,0.99
Uttar Pradesh,400,46,Jhansi,2161221,1183,1363517,1687,15290,12,15302,657,213,1381376,0,0,63.88,1.11
Uttar Pradesh,401,47,Hamirpur,1839761,1843,1100326,1520,13442,11,13453,1245,364,1116908,1,0,60.65,1.2
Uttar Pradesh,402,48,Banda,1747425,1609,1029705,1192,13226,9,13235,447,322,1044901,2,0,59.74,1.27
Uttar Pradesh,403,49,Fatehpur,1938563,4034,1097364,1460,8108,12,8120,2269,146,1109359,0,0,57.11,0.73
Uttar Pradesh,404,50,Kaushambi (SC),1909620,2916,994969,1393,12958,9,12967,0,780,1010109,0,0,52.82,1.28
Uttar Pradesh,405,51,Phulpur,2067043,4493,1006175,3182,5452,15,5467,0,208,1015032,0,0,49,0.54
Uttar Pradesh,406,52,Allahabad,1825730,2429,935197,1851,9949,3,9952,943,313,948256,0,0,51.87,1.05
Uttar Pradesh,407,53,Barabanki (SC),1918491,791,1280161,2252,8220,1,8221,0,329,1290963,0,0,67.26,0.64
Uttar Pradesh,408,54,Faizabad,1927459,1940,1131565,1560,7529,7,7536,588,440,1141689,0,0,59.17,0.66
Uttar Pradesh,409,55,Ambedkar Nagar,1911297,2459,1167243,2371,7429,19,7448,2315,631,1180008,0,0,61.66,0.63
Uttar Pradesh,410,56,Baharaich (SC),1838684,597,1043317,385,12862,2,12864,0,27,1056593,0,0,57.45,1.22
Uttar Pradesh,411,57,Kaiserganj,1904726,1306,1045895,1317,14872,15,14887,0,206,1062305,0,0,55.73,1.4
Uttar Pradesh,412,58,Shrawasti,1980381,362,1036130,526,9872,0,9872,0,105,1046633,0,0,52.84,0.94
Uttar Pradesh,413,59,Gonda,1843121,752,942544,1285,9048,7,9055,0,418,953302,0,0,51.7,0.95
Uttar Pradesh,414,60,Domariyaganj,1961845,360,1006752,2766,9431,16,9447,3413,207,1022585,0,0,52.11,0.92
Uttar Pradesh,415,61,Basti,1902898,1945,1069680,5429,7742,19,7761,1046,861,1084777,6,0,56.95,0.72
Uttar Pradesh,416,62,Sant Kabir Nagar,2071964,4086,1079540,2435,9210,17,9227,0,990,1092192,0,0,52.61,0.84
Uttar Pradesh,417,63,Maharajganj,2004050,3015,1198992,1714,9730,15,9745,0,53,1210504,0,0,60.31,0.81
Uttar Pradesh,418,64,Gorakhpur,2097202,4544,1143732,3000,7652,29,7681,0,561,1154974,0,0,54.95,0.67
Uttar Pradesh,419,65,Kushi Nagar,1875222,1740,1069936,765,9774,8,9782,0,227,1080710,0,0,57.58,0.91
Uttar Pradesh,420,66,Deoria,1873821,3406,1030178,2918,10203,9,10212,0,432,1043740,1,0,55.6,0.98
Uttar Pradesh,421,67,Bansgaon (SC),1820854,4857,932702,3040,9006,15,9021,501,596,945860,0,0,51.81,0.95
Uttar Pradesh,422,68,Lalganj (SC),1838882,2228,992359,3985,7075,19,7094,0,714,1004152,0,0,54.54,0.71
Uttar Pradesh,423,69,Azamgarh,1868165,3781,1042737,5549,6211,23,6234,0,594,1055114,1057,1,56.36,0.59
Uttar Pradesh,424,70,Ghosi,2083928,6709,1143974,3098,3487,31,3518,0,152,1150742,0,0,55.04,0.31
Uttar Pradesh,425,71,Salempur,1776982,7430,906181,3632,7520,29,7549,0,260,917622,0,0,51.42,0.82
Uttar Pradesh,426,72,Ballia,1923645,13350,993801,5334,8167,20,8187,0,404,1007726,0,0,52.03,0.81
Uttar Pradesh,427,73,Jaunpur,1977237,1767,1090656,4803,6301,28,6329,2260,828,1104876,0,0,55.83,0.57
Uttar Pradesh,428,74,Machhlishahr (SC),1940605,3158,1047695,3065,9277,26,9303,1434,574,1062071,0,0,54.64,0.88
Uttar Pradesh,429,75,Ghazipur,2074883,13753,1139919,4110,9033,32,9065,1305,439,1154838,0,0,55.29,0.78
Uttar Pradesh,430,76,Chandauli,1843196,7351,1104482,3012,8987,18,9005,3013,326,1119838,2,0,60.51,0.8
Uttar Pradesh,431,77,Varanasi,1997578,2283,1118618,3047,8463,15,8478,1422,253,1131818,0,0,56.59,0.75
Uttar Pradesh,432,78,Bhadohi,2037925,2016,1070475,3289,11222,7,11229,0,749,1085742,5,0,53.22,1.03
Uttar Pradesh,433,79,Mirzapur,1906327,3121,1088857,1499,15043,6,15049,0,40,1105445,0,0,57.89,1.36
Uttar Pradesh,434,80,Robertsganj (SC),1779189,1539,989440,1073,19019,13,19032,1638,409,1011592,0,0,56.81,1.88
Uttar Pradesh,State Total,,,154103670,299442,87040156,234631,634978,1877,636855,47295,38606,87997543,1106,1,56.99,0.72
West Bengal,435,1,Coochbehar (SC),1966893,3850,1600338,7147,15510,53,15563,0,1586,1624634,6,0,82.44,0.96
West Bengal,436,2,Alipurduars (ST),1773252,5211,1393362,6729,21235,63,21298,0,896,1422285,16,0,79.97,1.5
West Bengal,437,3,Jalpaiguri (SC),1885963,3877,1555188,6353,16807,41,16848,5833,1666,1585888,17,0,83.92,1.06
West Bengal,438,4,Darjeeling,1765744,11154,1301771,7620,17960,61,18021,446,3146,1331004,12,5,74.91,1.35
West Bengal,439,5,Raiganj,1790245,1329,1362072,4459,1924,16,1940,0,884,1369355,18,1,76.43,0.14
West Bengal,440,6,Balurghat,1561966,1975,1226234,3637,7430,7,7437,1683,1025,1240016,16,0,79.29,0.6
West Bengal,441,7,Maldaha Uttar,1862035,2250,1406563,3738,7257,31,7288,889,563,1419041,0,0,76.12,0.51
West Bengal,442,8,Maldaha Dakshin,1782159,2248,1361793,5199,2759,38,2797,1670,455,1371914,5,0,76.88,0.2
West Bengal,443,9,Jangipur,1805360,2196,1349827,2648,17135,23,17158,0,276,1369909,0,0,75.79,1.25
West Bengal,444,10,Baharampur,1783078,6346,1373507,3778,7474,11,7485,1719,1201,1387690,0,0,77.55,0.54
West Bengal,445,11,Murshidabad,1888097,2492,1525967,2322,13249,21,13270,0,195,1541754,6,0,81.55,0.86
West Bengal,446,12,Krishnanagar,1755631,6968,1409088,9813,6754,57,6811,0,1269,1426981,1,0,80.96,0.48
West Bengal,447,13,Ranaghat (SC),1871658,5941,1522198,8541,9798,95,9893,0,1660,1542292,0,0,82.14,0.64
West Bengal,448,14,Bangaon (SC),1836374,4918,1481257,5166,6635,50,6685,0,572,1493680,5,0,81.12,0.45
West Bengal,449,15,Barrackpur,1508728,3373,1126776,4002,11043,39,11082,0,649,1142509,0,0,75.56,0.97
West Bengal,450,16,Dum dum,1699656,1226,1243205,5507,11256,78,11334,0,795,1260841,0,0,74.13,0.9
West Bengal,451,17,Barasat,1905400,2204,1509699,5010,17834,58,17892,0,1961,1534562,0,0,80.44,1.17
West Bengal,452,18,Basirhat,1804261,1613,1513899,4254,5229,19,5248,2019,661,1526081,0,0,84.51,0.34
West Bengal,453,19,Jaynagar (SC),1844780,583,1467612,5231,9756,32,9788,0,1425,1484056,0,0,80.42,0.66
West Bengal,454,20,Mathurapur (SC),1817068,1045,1481737,5656,8593,38,8631,0,1657,1497681,3,0,82.38,0.58
West Bengal,455,21,Diamond harbour,1880779,773,1514089,6540,10134,54,10188,0,470,1531287,4,0,81.38,0.67
West Bengal,456,22,Jadavpur,2033525,726,1550891,8203,7316,99,7415,1252,1241,1569002,7,0,77.13,0.47
West Bengal,457,23,Kolkata Dakshin,1849520,595,1232077,4977,6348,75,6423,0,1063,1244540,0,0,67.27,0.52
West Bengal,458,24,Kolkata Uttar,1505356,330,945462,2927,10004,40,10044,0,123,958556,2,0,63.66,1.05
West Bengal,459,25,Howrah,1769184,789,1258818,2894,10036,48,10084,0,762,1272558,0,0,71.9,0.79
West Bengal,460,26,Uluberia,1741438,950,1375749,3727,11263,55,11318,2307,1056,1394157,0,0,80.01,0.81
West Bengal,461,27,Sreerampur,1926645,1611,1456874,4624,14964,70,15034,0,598,1477130,11,0,76.6,1.02
West Bengal,462,28,Hooghly,1858067,2036,1498698,5461,13250,102,13352,0,561,1518072,26,0,81.61,0.88
West Bengal,463,29,Arambag (SC),1883266,1735,1536319,4729,17981,50,18031,1361,748,1561188,4,0,82.82,1.15
West Bengal,464,30,Tamluk,1850741,2622,1559991,9063,8223,42,8265,491,717,1578527,42,0,85.17,0.52
West Bengal,465,31,Kanthi,1794537,3121,1511317,11546,8075,59,8134,0,1298,1532295,7,0,85.24,0.53
West Bengal,466,32,Ghatal,1939945,2368,1580561,7029,12889,77,12966,663,1061,1602280,7,0,82.49,0.81
West Bengal,467,33,Jhargram (ST),1779794,2641,1467931,6992,15871,49,15920,1756,1102,1493701,18,0,83.8,1.07
West Bengal,468,34,Medinipur,1811243,1962,1462292,6847,12362,62,12424,2720,1666,1485949,3,0,81.95,0.84
West Bengal,469,35,Purulia,1823120,2505,1410725,5364,17871,58,17929,677,1321,1436016,6,0,78.66,1.25
West Bengal,470,36,Bankura,1780580,4558,1411680,9785,26126,83,26209,0,2494,1450168,0,0,81.24,1.81
West Bengal,471,37,Bishnupur (SC),1754268,4213,1487889,6851,19062,70,19132,0,763,1514635,5,0,86.13,1.26
West Bengal,472,38,Bardhaman Purba (SC),1801333,1907,1479794,4819,12654,43,12697,0,1628,1498938,7,0,83.12,0.85
West Bengal,473,39,Bardhaman-Durgapur,1851780,1556,1472452,7726,21532,63,21595,743,314,1502830,2,0,81.09,1.44
West Bengal,474,40,Asansol,1770281,1594,1280884,5146,15448,62,15510,643,243,1302426,0,0,73.51,1.19
West Bengal,475,41,Bolpur (SC),1839234,2958,1498768,7980,21640,82,21722,0,1427,1529897,3,0,83.05,1.42
West Bengal,476,42,Birbhum,1857022,2425,1507011,6328,14037,56,14093,0,778,1528210,0,0,82.19,0.92
West Bengal,State Total,,,76010006,114774,59712365,246368,522724,2230,524954,26872,43976,60554535,259,6,79.55,0.87
Chhattisgarh,477,1,SURGUJA (ST),1819347,1533,1424957,2191,28107,14,28121,430,378,1456077,6,0,79.97,1.93
Chhattisgarh,478,2,RAIGARH (ST),1838547,2300,1434715,3228,14993,29,15022,0,577,1453542,6,0,78.96,1.03
Chhattisgarh,479,3,JANJGIR-CHAMPA (SC),2056047,2213,1382098,5005,5098,39,5137,1858,855,1394953,23,0,67.77,0.37
Chhattisgarh,480,4,KORBA,1618864,1187,1216757,2459,6076,21,6097,1199,422,1226934,8,0,75.73,0.5
Chhattisgarh,481,5,BILASPUR,2102687,1250,1355195,3306,2842,7,2849,3382,394,1365126,18,0,64.88,0.21
Chhattisgarh,482,6,RAJNANDGAON,1868021,1208,1434987,1225,9152,15,9167,2108,401,1447888,16,0,77.46,0.63
Chhattisgarh,483,7,DURG,2090414,2137,1533943,3227,5596,21,5617,644,430,1543861,26,0,73.78,0.36
Chhattisgarh,484,8,RAIPUR,2375379,651,1577826,4481,4414,34,4448,4876,380,1592011,35,0,67,0.28
Chhattisgarh,485,9,MAHASAMUND,1762477,1221,1318333,3907,3801,39,3840,0,361,1326441,39,0,75.21,0.29
Chhattisgarh,486,10,BASTAR (ST),1472207,1603,967863,2774,36733,25,36758,1006,522,1008923,31,0,68.46,3.64
Chhattisgarh,487,11,KANKER (ST),1654440,4934,1241535,5225,18618,51,18669,789,1333,1267551,4,0,76.39,1.47
Chhattisgarh,State Total,,,20658430,20237,14888209,37028,135430,295,135725,16292,6053,15083307,212,0,72.94,0.9
Jharkhand,488,1,Rajmahal (ST),1704671,1037,1188556,11476,18119,98,18217,0,371,1218620,0,0,71.44,1.49
Jharkhand,489,2,Dumka (ST),1591061,1131,1170228,9378,4453,73,4526,632,387,1185151,0,0,74.44,0.38
Jharkhand,490,3,Godda,2028154,2290,1384250,9593,4309,52,4361,3083,1654,1402941,5,0,69.1,0.31
Jharkhand,491,4,Chatra,1689926,2772,1066021,11849,8435,76,8511,1929,986,1089296,0,0,64.35,0.78
Jharkhand,492,5,Kodarma,2205318,2527,1318703,9109,42089,63,42152,2219,908,1373091,0,0,62.19,3.07
Jharkhand,493,6,Giridih,1864660,2103,1247078,11711,5927,117,6044,542,171,1265546,0,0,67.79,0.48
Jharkhand,494,7,Dhanbad,2285237,5117,1407508,13145,7202,152,7354,3557,393,1431957,0,0,62.52,0.51
Jharkhand,495,8,Ranchi,2197331,5197,1424813,14815,8046,107,8153,3235,1180,1452196,0,0,65.93,0.56
Jharkhand,496,9,Jamshedpur,1869278,2110,1257135,13168,7105,221,7326,1026,581,1279236,2,0,68.36,0.57
Jharkhand,497,10,Singhbhum (ST),1447562,1909,975977,7638,23907,75,23982,3584,578,1011759,0,0,69.8,2.37
Jharkhand,498,11,Khunti (ST),1326138,3285,902911,11852,21814,105,21919,2698,867,940247,3,0,70.73,2.33
Jharkhand,499,12,Lohardaga (ST),1441302,6923,943394,12347,11304,80,11384,2970,1567,971662,0,0,67.09,1.17
Jharkhand,500,13,Palamu (SC),2243034,5048,1349511,16884,24226,117,24343,0,1297,1392035,0,0,61.92,1.75
Jharkhand,501,14,Hazaribagh,1939374,3397,1242003,15464,7090,110,7200,0,788,1265455,0,0,65.14,0.57
Jharkhand,State Total,,,25833046,44846,16878088,168429,194026,1446,195472,25475,11728,17279192,10,0,66.77,1.13
Uttarakhand,502,1,Tehri Garhwal,1577664,12862,839499,15084,7304,154,7458,1457,3276,866774,9,0,54.5,0.86
Uttarakhand,503,2,Garhwal,1369388,34845,705337,20719,11224,151,11375,1170,7609,746210,1,0,53.14,1.52
Uttarakhand,504,3,Almora (SC),1339327,29105,635715,15763,16697,322,17019,489,6028,675014,1,0,49.33,2.52
Uttarakhand,505,4,Nainital-Udhamsingh Nagar,2015809,10629,1245731,9854,10233,198,10431,3220,2430,1271666,9,0,62.75,0.82
Uttarakhand,506,5,Haridwar,2035726,5746,1286568,9227,6665,163,6828,340,1554,1304517,4,0,63.9,0.52
Uttarakhand,State Total,,,8337914,93187,4712850,70647,52123,988,53111,6676,20897,4864181,24,0,57.69,1.09
Telangana,507,1,Adilabad (ST),1650175,2219,1208332,15503,11650,112,11762,1539,1182,1238318,7,0,74.94,0.95
Telangana,508,2,Peddapalle (SC),1596430,1462,1077224,12360,5591,120,5711,652,725,1096672,1,0,68.63,0.52
Telangana,509,3,Karimnagar,1797150,1018,1297074,10340,5373,65,5438,1243,479,1314574,1,0,73.11,0.41
Telangana,510,4,Nizamabad,1704867,724,1221775,7323,4440,43,4483,0,414,1233995,2,0,72.35,0.36
Telangana,511,5,Zahirabad,1641410,1015,1222094,11522,2933,44,2977,0,84,1236677,0,0,75.3,0.24
Telangana,512,6,Medak,1828210,507,1368314,13308,4582,35,4617,0,972,1387211,5,0,75.86,0.33
Telangana,513,7,Malkajgiri,3779596,857,1901979,18498,13206,160,13366,4018,601,1938462,1,0,51.28,0.69
Telangana,514,8,Secunderabad,2120401,149,1033949,8544,5092,74,5166,665,280,1048604,8,0,49.45,0.49
Telangana,515,9,Hyderabad,2217094,211,1070677,6741,2867,39,2906,1417,137,1081878,33,0,48.79,0.27
Telangana,516,10,Chevella,2938370,687,1649865,19066,6313,110,6423,549,221,1676124,0,0,57.03,0.38
Telangana,517,11,Mahbubnagar,1682470,1239,1214037,7711,4286,44,4330,529,953,1227560,1,0,72.91,0.35
Telangana,518,12,Nagarkurnool (SC),1738254,1056,1200764,13879,4511,69,4580,2131,332,1221686,2,0,70.24,0.37
Telangana,519,13,Nalgonda,1725465,739,1271267,18971,5869,217,6086,0,941,1297265,2,0,75.15,0.47
Telangana,520,14,Bhongir,1808585,656,1384008,12742,4571,75,4646,0,325,1401721,0,0,77.48,0.33
Telangana,521,15,Warangal (SC),1824466,1026,1247226,12340,8209,171,8380,737,582,1269265,6,0,69.53,0.66
Telangana,522,16,Mahabubabad (ST),1532366,1492,1093969,8226,6511,80,6591,550,198,1109534,0,0,72.34,0.59
Telangana,523,17,Khammam,1631039,913,1233925,10576,6657,125,6782,553,450,1252286,0,0,76.74,0.54
Telangana,State Total,,,33216348,15970,21696479,207650,102661,1583,104244,14583,8876,22031832,69,0,66.3,0.47
Andaman & Nicobar Islands,524,1,Andaman & Nicobar Islands,315148,597,200190,515,1802,7,1809,0,83,202597,0,0,64.16,0.89
Andaman & Nicobar Islands,State Total,,,315148,597,200190,515,1802,7,1809,0,83,202597,0,0,64.16,0.89
Chandigarh,525,1,Chandigarh,659805,747,445648,715,2900,12,2912,0,108,449383,9,0,68.03,0.65
Chandigarh,State Total,,,659805,747,445648,715,2900,12,2912,0,108,449383,9,0,68.03,0.65
Dadra & Nagar Haveli and Daman & Diu,526,1,Daman & Diu,134189,12,91302,130,977,1,978,0,38,92448,3,0,68.89,1.06
Dadra & Nagar Haveli and Daman & Diu,527,2,Dadar & Nagar Haveli (ST),283024,11,200113,324,5144,7,5151,0,37,205625,0,0,72.65,2.51
Dadra & Nagar Haveli and Daman & Diu,State Total,,,417213,23,291415,454,6121,8,6129,0,75,298073,3,0,71.44,2.06
NCT OF Delhi,528,1,Chandni Chowk,1645958,509,958351,2188,5544,19,5563,0,250,966352,2,0,58.69,0.58
NCT OF Delhi,529,2,North-East Delhi,2463159,1238,1542631,4227,5845,28,5873,643,305,1553679,30,1,63.04,0.38
NCT OF Delhi,530,3,East Delhi,2120584,1026,1256516,2139,5371,23,5394,0,362,1264411,0,0,59.6,0.43
NCT OF Delhi,531,4,New Delhi,1525071,1623,840098,2557,4791,22,4813,0,296,847764,16,0,55.53,0.57
NCT OF Delhi,532,5,North-West Delhi (SC),2567423,1851,1473721,4502,8917,67,8984,2787,328,1490322,17,0,58.01,0.6
NCT OF Delhi,533,6,West Delhi,2587977,4521,1509451,6344,8624,75,8699,0,257,1524751,18,0,58.81,0.57
NCT OF Delhi,534,7,South Delhi,2291764,1934,1287549,2488,5927,34,5961,0,308,1296306,45,0,56.52,0.46
NCT OF Delhi,State Total,,,15201936,12702,8868317,24445,45019,268,45287,3430,2106,8943585,128,1,58.78,0.51
Lakshadweep,535,1,Lakshadweep (ST),57784,169,48498,569,132,1,133,0,47,49247,1,0,84.98,0.27
Lakshadweep,State Total,,,57784,169,48498,569,132,1,133,0,47,49247,1,0,84.98,0.27
Puducherry,536,1,PUDUCHERRY,1023699,325,794733,3444,9756,7,9763,3235,257,811432,5,0,79.24,1.2
Puducherry,State Total,,,1023699,325,794733,3444,9756,7,9763,3235,257,811432,5,0,79.24,1.2
Jammu and Kashmir,537,1,BARAMULLA,1737865,6660,1021584,7332,4873,111,4984,627,195,1034722,3,0,59.31,0.48
Jammu and Kashmir,538,2,SRINAGAR,1747810,993,666046,3198,5887,111,5998,1009,157,676408,4,0,38.68,0.89
Jammu and Kashmir,539,3,ANANTNAG-RAJOURI,1836576,12941,1011553,8372,5967,256,6223,0,272,1026420,2,0,55.5,0.61
Jammu and Kashmir,540,4,UDHAMPUR,1623195,17651,1093581,7208,12891,47,12938,1705,59,1115491,0,0,67.98,1.16
Jammu and Kashmir,541,5,JAMMU,1780835,37822,1281313,16218,4631,14,4645,200,7449,1309825,4,0,72.02,0.35
Jammu and Kashmir,State Total,,,8726281,76067,5074077,42328,34249,539,34788,3541,8132,5162866,13,0,58.65,0.67
Ladakh,542,1,Ladakh,184808,5768,131718,2894,896,16,912,0,138,135662,0,0,71.19,0.67
Ladakh,State Total,,,184808,5768,131718,2894,896,16,912,0,138,135662,0,0,71.19,0.67
,All India Total,,,976049001,1916559,635292105,3698587,6324657,47182,6371839,522513,535825,646420869,9634,23,66.1,0.99
,,,,,,,,,,,,,,,,,
,,,,,,,,,,,,,,,,,
,,,,,,,,,,,,,,,,,
Note -This report is based on election related data of 542 PCs only excluding data of PC-24:Surat due to unopposed election in the PC. Important Statistical Information of PC - Surat may be seen in Report2A:Highlights(Surat PC).,,,,,,,,,,,,,,,,,
,,,,,,,,,,,,,,,,,
Disclaimer,,,,,,,,,,,,,,,,,
These statistical reports are prepared only for academic and research purposes from the secondary data filled in the Index Cards. The primary data is in the statutory forms maintained by the concerned Returning Officers and the data kept in statutory forms is final.,,,,,,,,,,,,,,,,,
